<html xmlns="http://www.w3.org/1999/xhtml">
    <head>
        <meta content="text/html; charset=us-ascii" http-equiv="content-type"/>
        <title>EC-OpenShift Plugin</title>
        <link rel="stylesheet" href="../../plugins/@PLUGIN_NAME@/pluginhelp.css" type="text/css" media="screen"/>
    </head>
    <body>
        <div class="help">
            <h1>EC-OpenShift</h1>
            <p>Plugin version @PLUGIN_VERSION@</p>
            <hr style="margin-left: -10px; margin-top: 10px; height: 1px; width: 100%; color: #5981BD;" noshade="noshade" />
            <h3 id="overview">Overview</h3>
            <p>EC-OpenShift plugin integrates with an OpenShift cluster.</p>
            <p>Revised: December 09, 2016</p>
            <h1>Contents</h1>
            <ul>
                <li><a href="#overview">Overview</a></li>
                <li><a href="#CreateConfiguration">Plugin Configuration</a></li>
                 <li><a href="#procedures">Plugin Procedures</a></li>
                <ul>
                    <li><a href="#ProvisionCluster">Provision cluster</a></li>
                    <li><a href="#DeployService">Deploy service</a></li>
                </ul>
                <li><a href="#releaseNotes">Release Notes</a></li>
            </ul>
            <h1 id="procedures">Plugin Procedures</h1> 
	</body>
</html>	
