<html xmlns="http://www.w3.org/1999/xhtml">
    <head>
        <meta content="text/html; charset=us-ascii" http-equiv="content-type"/>
        <title>EC-OpenShift Plugin</title>
        <link rel="stylesheet" href="../../plugins/@PLUGIN_NAME@/pluginhelp.css" type="text/css" media="screen"/>
    </head>
    <body>
        <div class="help">
            <h1>EC-OpenShift</h1>
            <p>Plugin version @PLUGIN_VERSION@</p>
            <hr style="margin-left: -10px; margin-top: 10px; height: 1px; width: 100%; color: #5981BD;" noshade="noshade" />
            <h3 id="overview">Overview</h3>
            <p>EC-OpenShift plugin integrates with the OpenShift container platform allowing you to coordinate and manage microservices-based applications deployments and releases on both on-premise and hosted OpenShift offerings.</p>
            <h1>Contents</h1>
            <ul>
			    <li><a href="#overview">Overview</a></li>
				<li><a href="#prerequisites">Prerequisites</a></li>
                <li><a href="#CreateConfiguration">Plugin Configuration</a></li>
                 <li><a href="#procedures">Plugin Procedures</a></li>
                <ul>
                    <li><a href="#ProvisionCluster">Provision Cluster</a></li>
                    <li><a href="#DeployService">Deploy Service</a></li>
                </ul>
            </ul>
			<h2 id="prerequisites">Prerequisites</h2>
			<ol>
			<li>EC-Kubernetes plugin version 1.0.*</li>
			<li>RedHat OpenShift 3 cluster - RedHat OpenShift Online, RedHat OpenShift Dedicated, or RedHat OpenShift On-premise.</li>
			<li>A service account with cluster access on RedHat OpenShift Dedicated and RedHat OpenShift On-premise - The service account token will be used to authenticate against the Kubernetes and OpenShift APIs for managing projects (namespaces) and deploying services.</li>
			</ol>
            <p>
			</p>
            <div id="CreateConfiguration">
                <a name='CreateConfiguration' id="CreateConfiguration"> </a>
                <h2>Plugin Configurations</h2>
                <!-- If the plugin has separate configurations then include
                     this section, otherwise omit this whole section. We don't
                     need to have a configuration section that just says "There
                     is no configuration for this plugin." -->
                <p>
                    Plugin configurations are sets of parameters that apply
                    across some or all of the plugin procedures. They
                    reduce repetition of common values, create
                    predefined parameter sets for end users, and
                    securely store credentials where needed. Each configuration
                    is given a unique name that is entered in designated
                    parameters on procedures that use them.<br /><br />
                </p>
                <!-- For all parameters, the parameter name should be *exactly*
                     the same as it appears in the Parameter Panel, and the first
                     sentence(s) of the description should be the same as the tooltip (if
                     there is one). After that, the parameter description can go into
                     greater detail about the parameter including valid value ranges and
                     examples. -->
                <h3>Creating Plugin Configurations</h3>
                <p>To create plugin configurations in ElectricFlow,
                do these steps:</p>
                <ul>
                <li>Go to <b>Administration</b> &gt; <b>Plugins</b> to open the Plugin Manager.</li>
                    <li>Find the EC-OpenShift row.</li>
                    <li>Click <b>Configure</b> to open the
                    OpenShift Configurations page.</li>
                    <li>Click <b>Create Configuration</b>.</li>
                    <li>Enter the following configuration parameters for communicating with the OpenShift cluster:</li></ul>
					<p><img src="../../plugins/@PLUGIN_NAME@/images/ConfigurationParameters.png" alt="screenshot" /></p>
					<h3>Configuration Parameters</h3>
					<table class="grid">
                <thead>
                    <tr>
                        <th>Parameter</th>
                        <th>Description</th>
                    </tr>
                </thead>
                <tbody>
                    <tr>
                        <td class="required">Configuration</td>

                        <td>Provide a unique name for the
                        configuration, keeping in mind that you may
                        need to create additional configurations
                        over time. </td>
                    </tr>

                    <tr>
                        <td>Description</td>
                        <td>Provide some description for configuration.</td>
                    </tr>

                    <tr>
                        <td class="required">OpenShift API Endpoint</td>
                        <td>The endpoint at which OpenShift API can be reached. Must be an IP address or a resolvable DNS name.</td>
                    </tr>
					<tr>
                        <td class="required">Service Account</td>

                        <td><i>Name</i>: Service account name.<br />
                         <i>Private Key</i>: Provide the bearer token for the service account that has access to create resources in the OpenShift cluster. This bearer token will be used to deploying services on the OpenShift cluster.</td>
                    </tr>
                    <tr>
                        <td>Debug level</td>
                        <td>Log level to use for logging output. Error=4, Warning=3, Info=2, Debug=1. Info by default.</td>
                    </tr>
                </tbody>
            </table>
			  
            </div>
            <h1 id="procedures">Plugin Procedures</h1>
            <p>
                IMPORTANT: For all parameter descriptions below, required parameters are shown in
                <span class="required">bold italics</span>. Please note that some of names given in ElectricFlow UI will be modified to comply with the naming conventions of Kubernetes. Specifically characters such as "space , _ " will be converted to "-". Such parameters are marked with an asterisk (*).
            </p>
            <div id="ProvisionCluster">
                <h2>Provision Cluster</h2>
                <p>The procedure checks if the OpenShift cluster exists and is reachable with provided details.</p>
                <h3>Provision Cluster Parameters</h3>
                <table class="grid">
                    <thead>
                        <tr>
                            <th>Parameter</th>
                            <th>Description</th>
                        </tr>
                    </thead>
                    <tbody>
                        <tr>
                            <td class="required">Configuration</td>
                            <td>The name of an existing plugin configuration which holds all the connection information for OpenShift cluster.</td>
                        </tr>
                        <tr>
                            <td class="required">OpenShift Project</td>
                            <td>The name of an existing configuration which holds all the connection information for OpenShift cluster.</td>
                        </tr>

                    </tbody>
                </table>
				<p><img src="../../plugins/@PLUGIN_NAME@/images/ProvisionCluster.png" alt="screenshot" /></p>
            </div> 
            <div id="DeployService">
                <h2>Deploy service</h2>
                <p>This procedure deploys a service, creating or updating pod definitions, service and deployment in the OpenShift project on the cluster. The OpenShift project(namespace) is created if it does not exist.</p>
                <h3>Depoy Service Parameters</h3>
                <table class="grid">
                    <thead>
                        <tr>
                            <th>Parameter</th>
                            <th>Description</th>
                        </tr>
                    </thead>
                    <tbody>
                        <tr>
                            <td class="required">Service Name</td>
                            <td>The name of the service in Deploy that encapsulates the service to be deployed on the OpenShift cluster.</td>
                        </tr>
                        <tr>
                            <td class="required">Service Project Name</td>
                            <td>The name of the project that the service belongs to. In case of an application-level service it also owns the application.</td>
                        </tr>
                        <tr>
                            <td>Application Name</td>
                            <td>The name of the application that the service belongs to. Not applicable for a top-level service.</td>
                        </tr>
                        <tr>
                            <td>Application Revision ID</td>
                            <td>Revision Id of the application version that the service belongs to.</td>
                        </tr>  
                        <tr>
                            <td class="required">Cluster name</td>
                            <td>The name of the cluster in Deploy that encapsulates the OpenShift cluster on which the service is to be deployed.</td>
                        </tr>                        
                        <tr>
                            <td>Cluster or environment project name</td>
                            <td>The name of the project that the cluster belongs to if it is a top-level project cluster. Or the name of the project that the environment belongs to if it is an environment-scoped cluster.</td>
                        </tr>
                        <tr>
                            <td>Environment Name</td>
                            <td>The name of the environment that the cluster belongs to. Not applicable for a top-level project cluster.</td>
                        </tr>
                    </tbody>
                </table>
				<p><img src="../../plugins/@PLUGIN_NAME@/images/DeployService.png" alt="screenshot" /></p>
            </div>
        </div>
	</body>
</html>	
