<!--

     Copyright 2016 Electric Cloud, Inc.

     Licensed under the Apache License, Version 2.0 (the "License");
     you may not use this file except in compliance with the License.
     You may obtain a copy of the License at

         http://www.apache.org/licenses/LICENSE-2.0

     Unless required by applicable law or agreed to in writing, software
     distributed under the License is distributed on an "AS IS" BASIS,
     WITHOUT WARRANTIES OR CONDITIONS OF ANY KIND, either express or implied.
     See the License for the specific language governing permissions and
     limitations under the License.

-->
<editor>
    <formElement>
        <type>entry</type>
        <label>Service Name:</label>
        <property>serviceName</property>
        <required>0</required>
        <documentation>The name of the service in Deploy that encapsulates the service to be deployed on the OpenShift cluster.</documentation>
    </formElement>
    <formElement>
        <type>entry</type>
        <label>Service Project Name:</label>
        <property>serviceProjectName</property>
        <required>0</required>
        <documentation>The name of the project that the service belongs to.</documentation>
    </formElement>
    <formElement>
        <type>entry</type>
        <label>Application Name:</label>
        <property>applicationName</property>
        <required>0</required>
        <documentation>The name of the application that the service belongs to. Not applicable for a top-level service.</documentation>
    </formElement>
    <formElement>
        <type>entry</type>
        <label>Application Project Name:</label>
        <property>applicationProjectName</property>
        <required>0</required>
        <documentation>The name of the project that the application belongs to. Not applicable for a top-level service.</documentation>
    </formElement>

    <formElement>
        <type>entry</type>
        <label>LoadBalancer IP:</label>
        <property>loadBalancerIP</property>
        <required>0</required>
        <documentation>IP to use for the load balancer for 'LoadBalancer' service type.</documentation>
    </formElement>

    <formElement>
        <type>entry</type>
        <label>LoadBalancer Source Ranges:</label>
        <property>loadBalancerSourceRanges</property>
        <required>0</required>
        <documentation>Comma-separated list of IP CIDR ranges to specify the IP ranges that are allowed to access the load balancer.</documentation>
    </formElement>

    <formElement>
        <type>checkbox</type>
        <label>Enable Client-IP based Session Affinity?</label>
        <property>sessionAffinity</property>
        <required>0</required>
        <checkedValue>ClientIP</checkedValue>
        <uncheckedValue>None</uncheckedValue>
        <initiallyChecked>0</initiallyChecked>
        <documentation>Whether to enable client-IP based session affinity. Defaults to round robin if not checked.</documentation>
    </formElement>
    <!--Route parameters begin -->
    <formElement>
        <type>entry</type>
        <label>Route Name:</label>
        <property>routeName</property>
        <required>0</required>
        <documentation>A unique name for the route within the OpenShift project. The route will be created if it does not already exist.</documentation>
    </formElement>
    <formElement>
        <type>entry</type>
        <label>Route Hostname:</label>
        <property>routeHostname</property>
        <required>0</required>
        <documentation>Public hostname for the route. The hostname can't be changed after the route is created.</documentation>
    </formElement>
    <formElement>
        <type>entry</type>
        <label>Route Path:</label>
        <property>routePath</property>
        <required>0</required>
        <documentation>Path that the router watches to route traffic to the service. If not specified, will default to '/'.</documentation>
    </formElement>
    <formElement>
        <type>entry</type>
        <label>Route Target Port:</label>
        <property>routeTargetPort</property>
        <required>0</required>
        <documentation>Target port of the service to route the traffic.</documentation>
    </formElement>
    <!--Route parameters end -->
    <formElement>
        <type>checkbox</type>
        <label>Create or update Additional Resource in the Cluster?</label>
        <property>createOrUpdateResource</property>
        <required>0</required>
        <checkedValue>1</checkedValue>
        <uncheckedValue>0</uncheckedValue>
        <initiallyChecked>0</initiallyChecked>
        <documentation>Whether to create or update any additional Kubernetes resource in the cluster.</documentation>
    </formElement>
    <formElement>
        <type>entry</type>
        <label>Additional Resource URI:</label>
        <property>resourceUri</property>
        <required>0</required>
        <documentation>The URI for the additional Kubernetes resource to be created or updated during service deployment. E.g., '/oapi/v1/namespaces/default/routes'.</documentation>
    </formElement>
    <formElement>
        <type>textarea</type>
        <label>Additional Resource Payload:</label>
        <property>resourceData</property>
        <required>0</required>
        <documentation>The request body in JSON or YAML format for the additional Kubernetes resource to be created or updated during service deployment.</documentation>
    </formElement>
    <formElement>
        <type>select</type>
        <label>Operation Type:</label>
        <property>requestType</property>
        <value>create</value>
        <required>0</required>
        <option>
            <name>Create</name>
            <value>create</value>
        </option>
        <option>
            <name>Update</name>
            <value>update</value>
        </option>
        <documentation>Whether to create or update the resource.</documentation>
    </formElement>
</editor>
